text,label
Artificial intelligence is revolutionizing the way we interact with technology.,1
Machine learning algorithms can analyze vast amounts of data efficiently.,1
Neural networks are inspired by the structure and function of the human brain.,1
AI-powered chatbots provide instant customer support and improve user experience.,1
Deep learning models excel at tasks such as image recognition and natural language processing.,1
"AI systems can automate repetitive tasks, freeing up human workers for more creative endeavors.",1
"Generative AI models can create realistic images, music, and even entire articles.",1
AI-driven analytics help businesses make data-driven decisions and optimize operations.,1
Natural language processing enables machines to understand and generate human language.,1
"AI is transforming industries such as healthcare, finance, and transportation.",1
"I am thinking about developing an OS, and I looked at ""Everything is a file"", ""Everything is an object"", ""Everything is an URL"", etc. designs. So I have been thinking, ""Everything is an error"".",0
"Whatever anyone writes to answer you will also be an error, so there really is no point.",0
"Honestly I think anyone who has worked with computers for long enough can probably relate to ""everything is an error"". I know I can",0
hello,0
anyqways,0
i wish python was a faster language,0
"remember, its glass, and its hidden by the lake and. Dont worry it should be by the lake if it isnt just log it as not found and ill look for it :)",0
"Veterans face lots of issues after they leave the military. A study done by the University of Arizona College of Veterinary Medicine, “found veterans with dogs reported decreased severity of PTSD symptoms, anxiety and depression and higher psychosocial functioning.” (Trethan) This shows that dogs can decrease depression. Around the world children and adults in difficult situations get a boost from the unconditional acceptance and cheerful personality of a dog.",0
Artificial intelligence is revolutionizing the way we interact with technology.,1
Machine learning algorithms can analyze vast amounts of data efficiently.,1
Neural networks are inspired by the structure and function of the human brain.,1
AI-powered chatbots provide instant customer support and improve user experience.,1
Deep learning models excel at tasks such as image recognition and natural language processing.,1
"AI systems can automate repetitive tasks, freeing up human workers for more creative endeavors.",1
"Generative AI models can create realistic images, music, and even entire articles.",1
AI-driven analytics help businesses make data-driven decisions and optimize operations.,1
Natural language processing enables machines to understand and generate human language.,1
"AI is transforming industries such as healthcare, finance, and transportation.",1
Reinforcement learning allows AI systems to learn through trial and error.,1
AI can predict trends and patterns in data that are invisible to the human eye.,1
Computer vision powered by AI is used in applications like facial recognition and autonomous vehicles.,1
AI-powered recommendation systems personalize user experiences on platforms like Netflix and Amazon.,1
AI can simulate human decision-making processes in complex environments.,1
AI is being used to develop advanced robotics for manufacturing and logistics.,1
"AI models can generate creative content, such as poetry, art, and music.",1
AI is helping scientists analyze large datasets to make breakthroughs in fields like genomics.,1
AI-powered virtual assistants like Siri and Alexa are becoming increasingly sophisticated.,1
AI is being used to detect and prevent cyber threats in real-time.,1
AI can optimize energy consumption in smart homes and cities.,1
AI is enabling the development of self-driving cars that can navigate complex environments.,1
AI-powered tools are helping educators personalize learning experiences for students.,1
AI is being used to create realistic virtual environments for gaming and training simulations.,1
AI can analyze medical images to assist doctors in diagnosing diseases.,1
AI is being used to automate financial trading and portfolio management.,1
AI-powered language translation tools are breaking down communication barriers.,1
AI is being used to develop smart agriculture systems that optimize crop yields.,1
AI can analyze social media data to predict trends and public sentiment.,1
AI is being used to create personalized fitness plans based on individual health data.,1
"Hello, how are you?",1
Can you help me with this task?,1
What's the weather like today?,1
I need some advice on coding.,1
Let's discuss the latest tech trends.,1
What's your opinion on AI?,1
Tell me a joke!,1
How do I optimize my code?,1
Could you explain quantum computing?,1
Let's talk about your favorite hobbies.,1
"Welcome to Animal Facts on Animal Planet. Today we’ll be diving into how specially trained dogs decrease depression and relieve stress. Veterans face lots of issues after they leave the military. A study done by the University of Arizona College of Veterinary Medicine, “found veterans with dogs reported decreased severity of PTSD symptoms, anxiety and depression and higher psychosocial functioning.” (Trethan) This shows that dogs can decrease depression. Around the world children and adults in difficult situations get a boost from the unconditional acceptance and cheerful personality of a dog. (Peters) Everyone deals with stress, especially in an intense gymnastics competition! A dog named Beacon helps gymnasts with their stress. “I love this dog!” said Brody Malone, who will be competing in Paris. ""Who wouldn't want to take a break from all this stress to love on a dog for a couple of minutes?” (Macur) Scientists say regular interactions with small animals tends to reduce patients’ levels of anxiety and stress. (Therapy Dogs) That's how dogs help veterans with depression, and gymnasts with stress. Even your dog can help you!",0
"I am thinking about developing an OS, and I looked at ""Everything is a file"", ""Everything is an object"", ""Everything is an URL"", etc. designs. So I have been thinking, ""Everything is an error"". Somebody please tell me why this won't work before I start actually thinking about how it would work.",0
"The theme of exploration is revealed in “What on Earth is Left to Explore?” by exploring to find new things, and in “Seeing the World.” is to that whenever you’re bored go explore. The theme of exploration is revealed in “What on Earth is Left to Explore?” By exploring to find new things. The author states, “Ocean exploration might help us solve tough problems. For example, it might lead to new food sources for the plant’s growing population. It can also help us find ways to slow damage to the environment.” This shows how exploring can help everyone. The theme of exploration revealed in “Seeing the World” is that whenever you're bored go explore. Steven Herrick says “when my brother and I are bored with backyard games and television, Dad says “It’s time to see the world.” This shows that whenever they get bored, they go and explore. In conclusion, the theme of exploration is revealed in “What on Earth is Left to Explore?” by exploring to find new things, and in “Seeing the World.” is to that whenever you’re bored go explore.",0
"What happens when animals get their paws on rockets? Read this story to find out. Then answer the questions. A dog named Laika was the first animal to fly in orbit in space. The Russian pup circled Earth more than 2,000 miles above the planet in 1957. Astronauts sent her into space to see whether creatures could survive there. A few years later, Americans sent the first chimpanzee into space. Called Ham, the space chimp flew 157 miles into the air in 1961. Ham's successful flight helped pave the way for the first spaceflight by a U.S. astronaut a few months later. Felix, a cat, followed in Ham's and Laika's footsteps. French officials sent the kitty into space in 1963, making him the first cat in space. Felix's rocket fell apart 120 miles above Earth, but the cat made a ""purr-fect"" parachute landing. Dogs, cats, and monkeys have made a splash in space, but other creatures have helped out too. Humans have launched everything from earthworms, turtles, and frogs to fish, snails, and rodents. They have even sent a garden spider to see whether it could spin a web in space. (It could!) 1. What is the main idea of the story? (A) Laika, a dog, was the first animal in space. (B) Many animals have rocketed into space. (C) Spiders can spin webs in space. 2. In the first paragraph, what does survive mean? (A) live (B) read (C) think 3. What was the name of the first chimpanzee in space? (A) Laika (B) Felix (C) Ham 4. How did the chimpanzee's flight help pave the way for human spaceflight? (A) It showed that the trip was safe. (B) It suggested that animals made better astronauts than humans. (C) It proved that space is a fun place to visit. 5. When did the first cat rocket into space? (A) 1957 (B) 1961 (C) 1963 Answer 1. B (main idea), 2. A (vocabulary), 3. C (recall details), 4. A (infer details), 5. C (recall details)",0
"The Importance of Learning New Skills In today's rapidly evolving world, the importance of learning new skills cannot be overstated. Whether it's for personal growth, career advancement, or adapting to changes in society, acquiring new abilities plays a vital role in our lives. One of the primary reasons learning new skills is essential is because it opens up new opportunities. For instance, someone who learns a second language can access a broader range of job prospects and connect with people from different cultures. Similarly, technological advancements mean that skills in areas like programming, digital marketing, or data analysis are increasingly in demand. By staying up-to-date with these developments, individuals position themselves to thrive in a competitive job market. Furthermore, learning new skills helps boost self-confidence. The process of mastering something new provides a sense of achievement and encourages a mindset of continuous growth. This can be particularly beneficial for personal development, as it fosters resilience and adaptability. In a world where change is constant, these qualities are invaluable. Lastly, learning new skills can enhance our quality of life. Acquiring practical skills, like cooking, gardening, or even learning how to repair household items, can increase independence and reduce reliance on others. These skills also contribute to a greater sense of fulfillment as they empower us to solve problems and take on new challenges with confidence. In conclusion, the importance of learning new skills extends far beyond professional growth. It enriches our personal lives, builds resilience, and helps us stay adaptable in a constantly changing world. The more we learn, the more we grow—and this growth leads to a brighter, more fulfilling future.",1
"The Benefits of Exercise on Mental Health Exercise is often associated with physical health, but its benefits extend beyond the body and into the mind. Regular physical activity has been shown to improve mental health, reduce stress, and enhance overall well-being. One of the key benefits of exercise is its ability to boost the release of endorphins, which are chemicals in the brain that help to reduce feelings of anxiety and depression. For many people, exercise can be a natural way to cope with stress. Activities like running, swimming, or even walking can serve as a form of meditation, allowing individuals to clear their minds and focus on the present moment. Moreover, consistent exercise can improve sleep quality, which in turn has a positive impact on mental health. Exercise also plays a significant role in building self-esteem. Achieving fitness goals, whether it’s running a certain distance or lifting a specific weight, provides a sense of accomplishment and pride. This boost in self-confidence can carry over into other areas of life, helping individuals tackle challenges with a more positive attitude. In conclusion, exercise is not just about physical strength; it’s also about mental resilience. By incorporating regular physical activity into our lives, we can improve our mental health and experience greater emotional balance.",1
"The Role of Technology in Education Technology has transformed education in profound ways, making learning more accessible, interactive, and efficient. One of the most significant impacts of technology is the ability to reach a global audience. Online courses, webinars, and educational videos allow students from all over the world to access the same resources, making education more inclusive. Moreover, technology enables a more personalized learning experience. Tools such as adaptive learning platforms adjust content to fit the learning pace and style of each individual, helping students grasp concepts more effectively. In addition, technologies like virtual classrooms and educational apps provide opportunities for collaboration and communication among students and teachers, further enhancing the learning experience. However, while technology has many advantages, it is important to ensure that it does not replace human interaction. Teachers and mentors play an irreplaceable role in guiding and inspiring students. Technology should be seen as a supplement to traditional methods, not a complete replacement. In conclusion, technology has revolutionized education by making learning more flexible, accessible, and personalized. When used effectively, it can greatly enhance the educational experience and open up new possibilities for students around the world.",1
"The Impact of Social Media on Society Social media has become an integral part of modern life, influencing how we communicate, share information, and even form relationships. While it has many positive aspects, such as allowing people to stay connected across distances and providing a platform for expression, there are also drawbacks that society must address. One of the major benefits of social media is its ability to connect people with similar interests, regardless of geographic location. It has also empowered individuals to voice their opinions, advocate for causes, and share personal experiences, leading to greater social awareness and activism. Social media has become a powerful tool for movements that seek change and equality. However, social media also has negative effects. The constant stream of information and comparison to others can lead to feelings of inadequacy, anxiety, and depression. The spread of misinformation and fake news is another growing concern, as it can mislead people and cause harm to public opinion and policy. Ultimately, social media is a double-edged sword. While it can be a source of connection and empowerment, it also has the potential to contribute to mental health issues and misinformation. Society must find a balance between harnessing its positive aspects and addressing its negative consequences.",1
"The Importance of Sustainability in Modern Society Sustainability has become a critical issue in today’s world as we face the challenges of climate change, resource depletion, and environmental degradation. To ensure a healthy future for generations to come, it is essential that individuals, businesses, and governments work together to adopt sustainable practices. One of the most important aspects of sustainability is reducing our reliance on non-renewable resources. By transitioning to renewable energy sources like solar and wind, we can decrease greenhouse gas emissions and reduce the environmental impact of energy production. Additionally, practices such as recycling, reducing waste, and conserving water help preserve natural resources for the future. Sustainability also includes the responsibility to protect ecosystems and biodiversity. Deforestation, pollution, and habitat destruction threaten the delicate balance of nature, which in turn affects human life. Protecting wildlife and preserving natural habitats are essential for maintaining a healthy environment. In conclusion, sustainability is crucial to preserving the planet and ensuring a prosperous future. Through mindful actions and collective efforts, we can build a more sustainable world for ourselves and future generations.",1
Why do i always have to ask poeple to pick up after themselves.,0
"They covered the precious mahogany coffin with a brown amalgam of rocks, decomposed organisms, and weeds. It was my turn to take the shovel, but I felt too ashamed to dutifully send her off when I had not properly said goodbye. I refused to throw dirt on her. I refused to let go of my grandmother, to accept a death I had not seen coming, to believe that an illness could not only interrupt, but steal a beloved life. When my parents finally revealed to me that my grandmother had been battling liver cancer, I was twelve and I was angry--mostly with myself. They had wanted to protect me--only six years old at the time--from the complex and morose concept of death. However, when the end inevitably arrived, I wasn’t trying to comprehend what dying was; I was trying to understand how I had been able to abandon my sick grandmother in favor of playing with friends and watching TV. Hurt that my parents had deceived me and resentful of my own oblivion, I committed myself to preventing such blindness from resurfacing. I became desperately devoted to my education because I saw knowledge as the key to freeing myself from the chains of ignorance. While learning about cancer in school I promised myself that I would memorize every fact and absorb every detail in textbooks and online medical journals. And as I began to consider my future, I realized that what I learned in school would allow me to silence that which had silenced my grandmother. However, I was focused not with learning itself, but with good grades and high test scores. I started to believe that academic perfection would be the only way to redeem myself in her eyes--to make up for what I had not done as a granddaughter. However, a simple walk on a hiking trail behind my house made me open my own eyes to the truth. Over the years, everything--even honoring my grandmother--had become second to school and grades. As my shoes humbly tapped against the Earth, the towering trees blackened by the forest fire a few years ago, the faintly colorful pebbles embedded in the sidewalk, and the wispy white clouds hanging in the sky reminded me of my small though nonetheless significant part in a larger whole that is humankind and this Earth. Before I could resolve my guilt, I had to broaden my perspective of the world as well as my responsibilities to my fellow humans. Volunteering at a cancer treatment center has helped me discover my path. When I see patients trapped in not only the hospital but also a moment in time by their diseases, I talk to them. For six hours a day, three times a week, Ivana is surrounded by IV stands, empty walls, and busy nurses that quietly yet constantly remind her of her breast cancer. Her face is pale and tired, yet kind--not unlike my grandmother’s. I need only to smile and say hello to see her brighten up as life returns to her face. Upon our first meeting, she opened up about her two sons, her hometown, and her knitting group--no mention of her disease. Without even standing up, the three of us—Ivana, me, and my grandmother--had taken a walk together. Cancer, as powerful and invincible as it may seem, is a mere fraction of a person’s life. It’s easy to forget when one’s mind and body are so weak and vulnerable. I want to be there as an oncologist to remind them to take a walk once in a while, to remember that there’s so much more to life than a disease. While I physically treat their cancer, I want to lend patients emotional support and mental strength to escape the interruption and continue living. Through my work, I can accept the shovel without burying my grandmother’s memory.",0
"My laptop is like a passport. It is plastered with stickers all over the outside, inside, and bottom. Each sticker is a stamp, representing a place I've been, a passion I've pursued, or community I've belonged to. These stickers make for an untraditional first impression at a meeting or presentation,",0
"his is the logo of a startup incubator where I launched my first company, Threading Twine. I learned that business can provide others access to fundamental human needs, such as economic empowerment of minorities and education. In my career, I hope to be a corporate advocate for the empowerment of women, creating large-scale impact and deconstructing institutional boundaries that obstruct women from working in high-level positions. Working as a women's rights activist will allow me to engage in creating lasting movements for equality, rather than contributing to a cycle that elevates the stances of wealthy individuals.",0
The main goal of llama.cpp is to enable LLM inference with minimal setup and state-of-the-art performance on a wide range of hardware - locally and in the cloud.,0
I think we need to add more to the dataset to make my AI model better.,0
This ai model is pretty good!,0
It's been months since the deli has been cloed.,0
Then it happend.,0
Seahorse is a ai model to detect ai generated text,0
Ai plajorism is bad.,0
Hi!!!,0
"The Importance of Kindness Kindness is one of the most powerful and simple ways to make the world a better place. It costs nothing, yet its impact can be life-changing. Whether it’s a smile, a helping hand, or a few encouraging words, small acts of kindness can brighten someone’s day and create a ripple effect of positivity. In our busy lives, it’s easy to get caught up in our own problems and forget about the people around us. However, taking a moment to show kindness can make a big difference. For example, holding the door for someone, complimenting a friend, or simply listening to someone who needs to talk can make them feel valued and supported. These small gestures remind us that we are all connected and that our actions matter. Kindness also benefits the person who gives it. Studies have shown that being kind can improve our mental health, reduce stress, and even increase happiness. When we help others, we feel a sense of purpose and fulfillment. It’s a reminder that we have the power to make a positive impact, no matter how small. In a world that can sometimes feel divided, kindness is a universal language that brings people together. It doesn’t matter where we come from or what we believe in; everyone appreciates kindness. By choosing to be kind, we can create a more compassionate and understanding world. In conclusion, kindness is a simple yet powerful force that can transform lives. It reminds us to care for one another and to look beyond our own needs. Let’s make an effort to be kind every day, because even the smallest act of kindness can make a big difference.",1
This is super cool!,0
I need to go on that ride!,0
You could buy a million of those things.,0
I love rain.,0
I love to chill.,0
Wales are big.,0
"Water parks are a quintessential part of modern entertainment, offering a unique blend of excitement, relaxation, and family-friendly fun. These aquatic wonderlands have become a staple of summer vacations, weekend getaways, and even corporate outings. With their towering slides, lazy rivers, wave pools, and interactive play areas, water parks provide an escape from the ordinary, immersing visitors in a world of splashes, laughter, and unforgettable memories. The Evolution of Water Parks The concept of water parks dates back to the mid-20th century, with the first recognized water park, Wet 'n Wild, opening in Orlando, Florida, in 1977. Since then, water parks have evolved from simple pools with slides to sprawling complexes featuring cutting-edge technology, themed attractions, and immersive experiences. Today, water parks can be found across the globe, from tropical resorts to urban centers, catering to millions of visitors each year. Attractions for Everyone One of the most appealing aspects of water parks is their ability to cater to a wide range of ages and interests. Thrill-seekers can brave towering water slides with near-vertical drops, such as the Aqua Loop or Freefall Slide, which send riders plummeting at exhilarating speeds. For those who prefer a more relaxed experience, lazy rivers offer a gentle float through scenic landscapes, while wave pools simulate the ebb and flow of the ocean, allowing visitors to swim or simply bask in the sun. Families with young children can enjoy interactive play areas like splash pads, water playgrounds, and shallow pools designed with safety and fun in mind. These areas often feature whimsical themes, such as pirate ships or jungle adventures, complete with water cannons, tipping buckets, and mini-slides. Meanwhile, group attractions like raft rides and water coasters provide opportunities for shared excitement, making water parks an ideal destination for bonding and camaraderie. The Science of Fun Behind the scenes, water parks are marvels of engineering and innovation. Advanced filtration systems ensure clean and safe water, while state-of-the-art pumps and hydraulics power the attractions. The design of water slides, for instance, involves careful calculations to balance speed, safety, and excitement. Engineers and designers work tirelessly to create attractions that push the boundaries of what’s possible, from gravity-defying drops to looping slides that defy expectations. Themed water parks take this innovation a step further, incorporating storytelling and immersive environments to transport visitors to another world. Whether it’s a tropical paradise, a futuristic city, or a mythological realm, these parks use architecture, landscaping, and special effects to create a cohesive and captivating experience. The Social and Economic Impact Water parks are more than just places of entertainment; they are also significant contributors to local economies. They create jobs, attract tourists, and stimulate spending in surrounding areas. Many water parks are part of larger resorts or amusement parks, offering visitors a comprehensive vacation experience that includes accommodations, dining, and other attractions. Moreover, water parks play a role in promoting physical activity and outdoor recreation. In an age where screen time often dominates leisure activities, water parks encourage people of all ages to get moving, whether it’s climbing stairs to reach a slide, swimming in a pool, or playing in a splash zone. This emphasis on active fun aligns with broader efforts to promote health and wellness. Challenges and Sustainability Despite their many benefits, water parks face challenges, particularly in terms of sustainability. The massive amounts of water and energy required to operate these facilities can strain local resources and contribute to environmental impact. However, many parks are taking steps to address these concerns by implementing water recycling systems, energy-efficient technologies, and eco-friendly practices. Some parks even use solar power to reduce their carbon footprint, demonstrating a commitment to sustainability while continuing to provide enjoyment. Conclusion Water parks are a testament to human creativity and the universal love of water. They offer a unique blend of thrills, relaxation, and family fun, making them a beloved destination for people of all ages. From their humble beginnings to the sprawling, high-tech complexes of today, water parks have become a symbol of summer and a source of joy for millions. As they continue to evolve, embracing innovation and sustainability, water parks will undoubtedly remain a cherished part of our cultural landscape, providing endless opportunities for adventure and connection. So, grab your swimsuit, slather on the sunscreen, and dive into the world of water parks—where every splash tells a story!",1
"Group Members:        Anaya, Sofia, Zach, Jeremiah WhizzBizzy Project Brainstorm What is your WhizzBizzy product? Our product is a cleaning product. What is the purpose of this product? The purpose of our product is to wipe away dirt and filth instantly (citrus smell, clean lots of surfaces, etc). What is the price of the product? The price of the product is  $17.99. Where can the product be purchased? The product can be purchased at Walmart, Target, and Costco. Who would want to buy your product? People who would buy our product are parents, cleaning ladies, and staff. What is the setting of your commercial? The setting of our commercial is a kitchen. List the people in your group and the characters they will be playing in your scene: People's roles are: Anaya: Salesperson Sofia: Mom that needs WhizzBizzy Zach: Kid Jeremiah: the guy who goes to tell his wife about the product. Using the diagram below, come up with a plot outline for your WhizzBizzy commercial: PROBLEM: Mom cannot find a product to clean her kitchen stains SOLUTION: Whizzbizzy cleaning solution. ERASE DOUBTS: The Whizzbizzy erases dirt in the shortest amount of time. CALL TO ACTION: If your cleaning product takes more than 2 swipes, throw it away and buy the Whizzbizzy Write your commercial script using the script format below. The script must be 2-3 pages long (not including the title page). WHIZZBIZZY COMMERCIAL By Zach Jeremiah Anaya Sofia CHARACTERS Salesperson: Jolly, happy, loves to talk Little Jimmy (kid): young, caring, nice Guy: impressed, wowed Mom: annoyed, frustrated, looking for better things PROPS Phone	(card board) Whizz Bizzy spray solution (spray bottle [Zachary Jones] ) Rag (Zachary Jones) Pencil shavings YOUR PRODUCT Wizzbizzy cleaning product SETS Moms kitchen COSTUMES: Mom: An apron, rag Salesperson: Feather boa, sunglasses, a silly hat Little kid:  Kid clothes ( bright colors, mismatched) Guy: Normal clothes Int. Moms house: kitchen Mom's camera pans in and shows mom aggressively wiping stains with a towel. KID Mom, I don’t think that will work… MOM Then what can I use to clean this? SALESPERSON You can use the Whizzbizzy! SALESPERSON Just two  sprays SALESPERSON There you go Dirt disappears guy pops in the camera and watches KID Wow, mom! That’s amazing! You should buy this! Kid goes away CAMERA SWITCH: guy to kid MOM But what if it’s too expensive? SALESPERSON Don’t worry! Your first purchase will be 30% off. MOM Wow! That’s awesome! SALESPERSON Yup! You get an awesome cleaning product, and you save money! b/9MOM Well, I’m sold! hands salesperson money. salesperson turns to the TV SALESPERSON If your cleaning solution takes over 2 sprays, trash it and get the Whizzbizzy Guy pops in GUY Where can I get this? Guy leaves SALESPERSON You can get this product at Walmart, Costco, Target, and Whizzbizzy.com! SALESPERSON So get the Whizzbizzy now! SPED UP COMPUTER Keep away from children. The solution is not safe to be ingested. FADE OUT. Int. Ms. Mayfield’s house Ms. Mayfield crosses her living room, towards her cat. JAKE Yo you yo, what’s up, Coller? MS. MAYFIELD Yo yo yo dudes. [STEVE] Yo yo yo yo Steve shows off his brand new Rolex. BRENNA Heheheheehheehhe Brenna skips to the store. Ms. Mayfield’s cat, Debby, enters from the bedroom. DEBBY Meow! Ms. Mayfield picks Debby up and exits. FADE OUT. CHARACTERS Salesperson Little Jimmy Guy (just guy) Mom PROPS Dirty table Lollypop Phone YOUR PRODUCT: A magical spray SETS Ms. Mayfield’s apar",0
"the school day was over, and the sky's orange had taken over. A group of kids were at the park. They were hosting a hockey camp. I went over to see what they were doing, and one of the kids asked me if I wanted to join. I had nothing else to do, so, I agreed. After I gave them my canned food, one of them went to get a pair of spare rollerblades. When he got back, we began. First, the instructor told me to keep my feet triangular position, left then right. I was rolling! Wow, I thought. I never knew I could do this. They handed me a hockey stick, and without my arms to keep me balanced, I plummeted to the ground. Now dinnertime, I got to borrow the rollerblades until the next camp day. A few days later we went to play a basic game. I put on the rollerblades and went to the parking lot. After that, I went home and had some extra money, so I bought some rollerblades on Amazon. As soon as they arrived, I was on my feet and rolling down the street. I would put my rollerblades on almost every day after school, and practice my skating. Soon, it got cold. Too cold and windy to skate outside. How am I supposed to practice without freezing? I went inside, But I would not give up. I asked my mom to pull out the van so I could skate in the garage. I ended up skating in the garage for the rest of the week. I got the hang of rollerblading. Then I asked my mom if she could take me to replay sports one weekend. While there, we bought a basic hockey stick and a hockey ball. When we got home I put on my rollerblades and practiced holding the hockey stick. Soon, I got the hang of that, pulled out the hockey ball, and hit it at the garage door for a few days. I was ready. “Hey dad,” I asked. “can we go to the ice rank for a free skate?” Soon I was at the entrance of the ice, gazing longingly at the glossy and slippery ice cube I was about to skate on. Left to right. It was working! Now gliding across the ice, “Now I just need to play hockey!” Fast-forward a few years, and I am a goalie playing ice hockey. This experience helped me learn not to give up even if things are in the way.",0
"Introduction: Olives, small fruits from the olive tree (Olea europaea), are more than just an ingredient in Mediterranean dishes; they are a symbol of history, health, and versatility. Grown predominantly in regions with a Mediterranean climate, olives have been cultivated for thousands of years, serving as a cornerstone of cultural, economic, and culinary traditions. Body Paragraph 1: Historical and Cultural Significance Olives have deep historical roots. Ancient civilizations, including the Greeks, Romans, and Egyptians, considered the olive tree sacred. It symbolized peace, prosperity, and longevity. Olive oil, pressed from the fruit, was used not only for cooking but also in religious ceremonies, medicine, and cosmetics. This cultural reverence continues today, with the olive branch often recognized as a universal symbol of peace. Body Paragraph 2: Health Benefits Olives and olive oil are celebrated for their health benefits. Rich in monounsaturated fats, olives can support heart health by reducing bad cholesterol levels. They also contain antioxidants, like vitamin E, which help combat oxidative stress and inflammation. Regular consumption of olives has been linked to a reduced risk of chronic diseases, including heart disease and certain cancers. Body Paragraph 3: Culinary Versatility In the kitchen, olives shine as a versatile ingredient. Green and black olives differ in flavor and use, with green olives offering a firmer texture and more bitter taste, while black olives are milder and softer. They can be eaten whole, stuffed with various fillings, or used to create tapenades. Olive oil, often referred to as ""liquid gold,"" serves as a base for salad dressings, marinades, and even baking. Its subtle yet rich flavor enhances countless recipes. Conclusion: Olives are much more than a fruit; they are a testament to the intersection of history, health, and culinary artistry. From ancient times to modern kitchens, olives continue to enrich lives with their cultural significance, nutritional value, and diverse uses.",1
"Cucumbers are one of those veggies that feel like a little slice of summer. Crisp, cool, and packed with water, they’re super refreshing and perfect for tossing into salads, making pickles, or even adding to your water for a spa-like vibe. They’re not just tasty—they’re also low in calories and full of good stuff like vitamins and antioxidants. There are a few different types, like the classic slicing cucumbers, smaller pickling ones, and those long, thin, seedless ones (usually called English cucumbers). Plus, they’re pretty easy to grow if you’ve got some sunny space in your garden.",1
"Cucumbers are like the unsung heroes of the veggie world. They’re super versatile—perfect for snacking, salads, sandwiches, or even turning into pickles. With their crisp texture and subtle flavor, they add a refreshing crunch to just about anything. Plus, they’re mostly water, so they’re great for staying hydrated. There are a few varieties out there, like the classic ones you slice for salads, tiny ones for pickling, and those fancy seedless English cucumbers. Whether you grow them in your backyard or pick them up at the store, cucumbers are an easy, healthy addition to your meals.",1
"The Forgotten Key: As James closed the door behind him, he realized the key was still sitting on the counter inside.",1
"The Silent Library: A sudden sneeze echoed across the quiet room, drawing everyone's attention to the guilty, red-faced culprit.",1
"A Flicker of Hope: Just as the power went out, Lily lit a candle and whispered, “We’ll get through this.”",1
"The Unexpected Visitor: A stray cat sat patiently at the doorstep, as if it had always belonged there.",1
"The Last Train Home: The whistle blew as Mia sprinted, barely making it aboard before the doors closed behind her.",1
"A Forgotten Birthday: Jack stared at the empty table, then smiled as his friends jumped out yelling, “Surprise!”",1
"The Rainy Day: Despite the storm outside, Maya danced barefoot in the rain, laughing as the water soaked her dress.",1
"A Lost Letter: Tucked between the pages of an old book, Sarah found a love letter dated decades before she was born.",1
The Overgrown Path: Every step into the woods felt like uncovering a secret the world had long forgotten.,1
"The Empty Shelf: The book James had sought for years was gone, with only its title remaining on the library card.",1